filename,object_location,image_small,image_thumb
11753.jpg,/objects/11753.jpg,/objects/small/11753_sm.jpg,/objects/thumbs/11753_th.jpg
11814.jpg,/objects/11814.jpg,/objects/small/11814_sm.jpg,/objects/thumbs/11814_th.jpg
11907.jpg,/objects/11907.jpg,/objects/small/11907_sm.jpg,/objects/thumbs/11907_th.jpg
14021.jpg,/objects/14021.jpg,/objects/small/14021_sm.jpg,/objects/thumbs/14021_th.jpg
1905.jpg,/objects/1905.jpg,/objects/small/1905_sm.jpg,/objects/thumbs/1905_th.jpg
21.jpg,/objects/21.jpg,/objects/small/21_sm.jpg,/objects/thumbs/21_th.jpg
2240.jpg,/objects/2240.jpg,/objects/small/2240_sm.jpg,/objects/thumbs/2240_th.jpg
2791.jpg,/objects/2791.jpg,/objects/small/2791_sm.jpg,/objects/thumbs/2791_th.jpg
318.jpg,/objects/318.jpg,/objects/small/318_sm.jpg,/objects/thumbs/318_th.jpg
32.jpg,/objects/32.jpg,/objects/small/32_sm.jpg,/objects/thumbs/32_th.jpg
352.jpg,/objects/352.jpg,/objects/small/352_sm.jpg,/objects/thumbs/352_th.jpg
36916.jpg,/objects/36916.jpg,/objects/small/36916_sm.jpg,/objects/thumbs/36916_th.jpg
3733-0019.jpg,/objects/3733-0019.jpg,/objects/small/3733-0019_sm.jpg,/objects/thumbs/3733-0019_th.jpg
37415.jpg,/objects/37415.jpg,/objects/small/37415_sm.jpg,/objects/thumbs/37415_th.jpg
42290.jpg,/objects/42290.jpg,/objects/small/42290_sm.jpg,/objects/thumbs/42290_th.jpg
43227.jpg,/objects/43227.jpg,/objects/small/43227_sm.jpg,/objects/thumbs/43227_th.jpg
43232.jpg,/objects/43232.jpg,/objects/small/43232_sm.jpg,/objects/thumbs/43232_th.jpg
43634.jpg,/objects/43634.jpg,/objects/small/43634_sm.jpg,/objects/thumbs/43634_th.jpg
44726.jpg,/objects/44726.jpg,/objects/small/44726_sm.jpg,/objects/thumbs/44726_th.jpg
487.jpg,/objects/487.jpg,/objects/small/487_sm.jpg,/objects/thumbs/487_th.jpg
4875.jpg,/objects/4875.jpg,/objects/small/4875_sm.jpg,/objects/thumbs/4875_th.jpg
49667.jpg,/objects/49667.jpg,/objects/small/49667_sm.jpg,/objects/thumbs/49667_th.jpg
52602.jpg,/objects/52602.jpg,/objects/small/52602_sm.jpg,/objects/thumbs/52602_th.jpg
52638.jpg,/objects/52638.jpg,/objects/small/52638_sm.jpg,/objects/thumbs/52638_th.jpg
53118.jpg,/objects/53118.jpg,/objects/small/53118_sm.jpg,/objects/thumbs/53118_th.jpg
53668.jpg,/objects/53668.jpg,/objects/small/53668_sm.jpg,/objects/thumbs/53668_th.jpg
53709.jpg,/objects/53709.jpg,/objects/small/53709_sm.jpg,/objects/thumbs/53709_th.jpg
53804.jpg,/objects/53804.jpg,/objects/small/53804_sm.jpg,/objects/thumbs/53804_th.jpg
53982.jpg,/objects/53982.jpg,/objects/small/53982_sm.jpg,/objects/thumbs/53982_th.jpg
54015.jpg,/objects/54015.jpg,/objects/small/54015_sm.jpg,/objects/thumbs/54015_th.jpg
54164.jpg,/objects/54164.jpg,/objects/small/54164_sm.jpg,/objects/thumbs/54164_th.jpg
54173.jpg,/objects/54173.jpg,/objects/small/54173_sm.jpg,/objects/thumbs/54173_th.jpg
54193.jpg,/objects/54193.jpg,/objects/small/54193_sm.jpg,/objects/thumbs/54193_th.jpg
54353.jpg,/objects/54353.jpg,/objects/small/54353_sm.jpg,/objects/thumbs/54353_th.jpg
54594.jpg,/objects/54594.jpg,/objects/small/54594_sm.jpg,/objects/thumbs/54594_th.jpg
55458-0010.jpg,/objects/55458-0010.jpg,/objects/small/55458-0010_sm.jpg,/objects/thumbs/55458-0010_th.jpg
55625.jpg,/objects/55625.jpg,/objects/small/55625_sm.jpg,/objects/thumbs/55625_th.jpg
55953.jpg,/objects/55953.jpg,/objects/small/55953_sm.jpg,/objects/thumbs/55953_th.jpg
56198.jpg,/objects/56198.jpg,/objects/small/56198_sm.jpg,/objects/thumbs/56198_th.jpg
56415.jpg,/objects/56415.jpg,/objects/small/56415_sm.jpg,/objects/thumbs/56415_th.jpg
56521.jpg,/objects/56521.jpg,/objects/small/56521_sm.jpg,/objects/thumbs/56521_th.jpg
56632.jpg,/objects/56632.jpg,/objects/small/56632_sm.jpg,/objects/thumbs/56632_th.jpg
57626.jpg,/objects/57626.jpg,/objects/small/57626_sm.jpg,/objects/thumbs/57626_th.jpg
57633.jpg,/objects/57633.jpg,/objects/small/57633_sm.jpg,/objects/thumbs/57633_th.jpg
57809.jpg,/objects/57809.jpg,/objects/small/57809_sm.jpg,/objects/thumbs/57809_th.jpg
58008.jpg,/objects/58008.jpg,/objects/small/58008_sm.jpg,/objects/thumbs/58008_th.jpg
58254.jpg,/objects/58254.jpg,/objects/small/58254_sm.jpg,/objects/thumbs/58254_th.jpg
58529.jpg,/objects/58529.jpg,/objects/small/58529_sm.jpg,/objects/thumbs/58529_th.jpg
58769.jpg,/objects/58769.jpg,/objects/small/58769_sm.jpg,/objects/thumbs/58769_th.jpg
58948.jpg,/objects/58948.jpg,/objects/small/58948_sm.jpg,/objects/thumbs/58948_th.jpg
58968.jpg,/objects/58968.jpg,/objects/small/58968_sm.jpg,/objects/thumbs/58968_th.jpg
597.jpg,/objects/597.jpg,/objects/small/597_sm.jpg,/objects/thumbs/597_th.jpg
616.jpg,/objects/616.jpg,/objects/small/616_sm.jpg,/objects/thumbs/616_th.jpg
617.jpg,/objects/617.jpg,/objects/small/617_sm.jpg,/objects/thumbs/617_th.jpg
7340-0113.jpg,/objects/7340-0113.jpg,/objects/small/7340-0113_sm.jpg,/objects/thumbs/7340-0113_th.jpg
76.jpg,/objects/76.jpg,/objects/small/76_sm.jpg,/objects/thumbs/76_th.jpg
950.jpg,/objects/950.jpg,/objects/small/950_sm.jpg,/objects/thumbs/950_th.jpg
968.jpg,/objects/968.jpg,/objects/small/968_sm.jpg,/objects/thumbs/968_th.jpg
